Actividad1,3203115615,Descripcion1,2:00 - 4:00,True,Calle 6 #23 - 99,Restaurante,Abierto,Logo1,Entretenimiento
Actividad1,3203115615,Descripcion1,2:00 - 4:00,True,Calle 6 #23 - 99,Restaurante,Abierto,Logo1,Entretenimiento
Actividad1,3203115615,Descripcion1,2:00 - 4:00,True,Calle 6 #23 - 99,Restaurante,Abierto,Logo1,Entretenimiento
Actividad1,3203115615,Descripcion1,2:00 - 4:00,True,Calle 6 #23 - 99,Restaurante,Abierto,Logo1,Entretenimiento
Actividad1,3203115615,Descripcion1,2:00 - 4:00,True,Calle 6 #23 - 99,Restaurante,Abierto,Logo1,Entretenimiento
Actividad1,3203115615,Descripcion1,2:00 - 4:00,True,Calle 6 #23 - 99,Restaurante,Abierto,Logo1,Entretenimiento
Actividad1,3203115615,Descripcion1,2:00 - 4:00,True,Calle 6 #23 - 99,Restaurante,Abierto,Logo1,Entretenimiento
Actividad1,3203115615,Descripcion1,2:00 - 4:00,True,Calle 6 #23 - 99,Restaurante,Abierto,Logo1,Entretenimiento
Actividad1,3203115615,Descripcion1,2:00 - 4:00,True,Calle 6 #23 - 99,Restaurante,Abierto,Logo1,Entretenimiento
Actividad1,3203115615,Descripcion1,2:00 - 4:00,True,Calle 6 #23 - 99,Restaurante,Abierto,Logo1,Entretenimiento
Actividad1,3203115615,Descripcion1,2:00 - 4:00,True,Calle 6 #23 - 99,Restaurante,Abierto,Logo1,Entretenimiento
Actividad1,3203115615,Descripcion1,2:00 - 4:00,True,Calle 6 #23 - 99,Restaurante,Abierto,Logo1,Entretenimiento
