Restaurante,Calle 6 #23 - 99,Abierto
Restaurante,Calle 6 #23 - 99,Abierto
Restaurante,Calle 6 #23 - 99,Abierto
Restaurante,Calle 6 #23 - 99,Abierto
Restaurante,Calle 6 #23 - 99,Abierto
Restaurante,Calle 6 #23 - 99,Abierto
Restaurante,Calle 6 #23 - 99,Abierto
Restaurante,Calle 6 #23 - 99,Abierto
Restaurante,Calle 6 #23 - 99,Abierto
Restaurante,Calle 6 #23 - 99,Abierto
Restaurante,Calle 6 #23 - 99,Abierto
Restaurante,Calle 6 #23 - 99,Abierto
Restaurante,Calle 6 #23 - 99,Abierto
Restaurante,Calle 6 #23 - 99,Abierto
Restaurante,Calle 6 #23 - 99,Abierto
Restaurante,Calle 6 #23 - 99,Abierto
Restaurante,Calle 6 #23 - 99,Abierto
